"spam_test.capital_run_length_average","knn_pred1","knn_pred2","logm_pred1","logm_pred2"
1.729,1,1,0.834072975594492,0.826175376007042
1.312,1,1,0.865400055291945,0.842926197103992
5.659,1,1,0.983823497129858,0.984032394138412
1.32,1,0,0.633425247912503,0.630853007665912
4.857,1,1,0.916788011532257,0.926815884246569
4,1,1,0.819011424138007,0.826366766124031
3.1,1,1,0.651847736735932,0.643806843564675
4,1,1,0.920283748131754,0.926938950332145
3.43133333333333,1,1,0.919222886448737,0.923900439082477
2.145,1,1,0.991789952571521,0.991463664684969
1.468,1,1,0.998466177971981,0.998325728168126
5.891,1,1,0.999977293346848,0.999973245468914
2.02653333333333,1,1,0.827325719587792,0.821593234008145
2.90846666666667,1,1,0.687621382271206,0.682296650967243
2.777,1,1,0.702394033139807,0.690238480307913
1.411,1,1,0.721563123732391,0.706600991831466
4.85,1,1,0.990766174190967,0.99035950776895
72.5,1,1,0.999999875511858,0.999999994573081
3.4,1,1,0.684629462351739,0.680324024390674
2.5228,1,1,0.768940778432081,0.737488746728323
5.13,1,1,0.994705787136033,0.994765443454046
26.5,1,1,0.999906989423814,0.999958069714111
2.7622,1,1,0.978015599984024,0.977579094437142
1.775,1,1,0.867452654750713,0.866241869453006
3.353,1,1,0.84646162080293,0.826606213686284
3.8,0,0,0.838366436062343,0.839764425254816
4.974,1,1,0.999886228780796,0.999872312464808
7.3,1,1,0.999999732059275,0.999999186752708
4.897,0,0,0.733815627426873,0.754867728296383
10.068,1,0,0.944573720778037,0.953192244290503
2.81133333333333,0,0,0.258743421441239,0.246691394983457
3.46846666666667,0,0,0.855566065444269,0.858136541365837
6.166,1,1,0.981305437037669,0.982325721598592
4.875,1,1,0.999868749969047,0.999851540080528
2.37,1,1,0.82083097356907,0.801669202660808
5.709,1,1,0.908903447924955,0.905540354428666
2.074,1,1,0.960216303702065,0.956482192485695
10,1,0,0.768721796317036,0.82454236965379
1.89346666666667,1,1,0.499108951309025,0.491884015451568
2.128,1,1,0.866652868265406,0.858300722083842
3.272,0,0,0.94457239278705,0.943872936556276
7.202,1,1,0.99999989453404,0.999999748909938
3.22746666666667,1,1,0.936473994684028,0.940086922629808
1.461,1,1,0.874154108708367,0.868983922978855
3.2276,1,1,0.793115733810726,0.809141088305297
2.15013333333333,1,1,0.578896071935527,0.574925554828548
1.796,0,1,0.436797855247571,0.430078346149418
5.714,1,1,0.974481949715889,0.975704221071342
3.121,1,1,0.705194224560965,0.705177678106129
3.4,1,1,0.999900654608667,0.999901236692457
10.117,0,0,0.773728765131087,0.829880512475321
1.969,1,1,0.453576158609238,0.44781864634287
2.179,1,1,0.942599662504252,0.939315616543569
5.114,1,1,0.974806385158264,0.975308865921173
1,0,0,0.229952774106366,0.221223475319621
9.428,1,1,0.999991753008253,0.999993438873258
1.463,1,1,0.642330661559721,0.63148066041863
1.6838,0,0,0.392554947770261,0.382780553228758
4.07,1,1,0.883344440210028,0.886650172997692
2.676,1,1,0.925830337177731,0.925799426350718
3.184,1,1,0.998153422822417,0.998110280788975
2.403,1,1,0.498865398752907,0.498232872367696
2.122,1,1,0.422690504972177,0.419573539900791
62.9747333333333,1,1,0.999999997046705,0.999999999217588
5.454,1,1,0.999640013057539,0.999643841791443
6.266,0,1,0.733211834913052,0.759930935564014
1.423,1,1,0.649698515269809,0.643391350592962
3.4,1,1,0.999900654608667,0.999901236692457
1.895,1,1,0.960314181067044,0.958715818724708
3.105,1,1,0.998268679350308,0.99821978491736
2.338,1,1,0.498387463202014,0.496886367956286
173,1,1,0.999999997289147,0.999999999999066
15.08,1,1,0.997681213238033,0.998457541395879
7.17,1,1,0.946983523512227,0.948574804397981
1.293,0,0,0.272645633054379,0.263302755009224
2.84793333333333,1,1,0.975057288434246,0.975642719039756
5.39053333333333,1,1,0.997960538315303,0.997751642809893
4.23406666666667,1,1,0.998102378333155,0.997859872002904
3.401,1,1,0.992103737508758,0.991128592144064
2.604,1,1,0.996383420610631,0.996256492044894
5.423,1,1,0.972072595534243,0.973630988938046
1.741,0,0,0.810028238923754,0.809556709308456
3.257,1,1,0.746228034277681,0.749710015254364
2.962,1,0,0.849198736920969,0.84012324048892
2.529,1,1,0.748784389555104,0.75221071483182
3.43313333333333,1,1,0.993616210309587,0.993363561878117
16.217,1,1,0.998199337616548,0.998870478683356
4.979,1,1,0.994167203022417,0.994403448657195
1.733,1,1,0.985953475887747,0.985907227144422
24.785,1,1,0.999999990097464,0.99999999372452
1.206,0,0,0.333804302198395,0.324520161903484
6.487,1,1,0.999406333495552,0.999469767175253
3.2242,1,1,0.995044555047774,0.995010190291085
2.542,1,1,0.504574862856368,0.503756800013247
2.333,1,1,0.998299774312644,0.998174093007442
2.576,1,1,0.806053502516314,0.801958171592589
1.266,0,0,0.167301886009008,0.162822585927232
2.538,1,1,0.999895023887937,0.999895263979566
3.343,1,1,0.817338212474832,0.817253836365427
4.835,1,1,0.995139322399032,0.995133268033001
4.5,1,1,0.921485639008129,0.925043916262965
3.787,1,1,0.955837267237549,0.953501662869903
2.44,1,1,0.99591722498059,0.995753033260596
1.477,1,1,0.737149449499626,0.730238871547449
4.23,1,1,0.917481465804152,0.920229843994326
2.44,1,1,0.996886603428178,0.996699130983657
1021.5,1,1,1,1
2.44,1,1,0.99591722498059,0.995753033260596
1.477,1,1,0.737149449499626,0.730238871547449
3.787,1,1,0.955837267237549,0.953501662869903
5.02033333333333,0,0,0.998463940630486,0.997114136004555
4.022,1,1,0.810399901806688,0.802117601722966
3.922,0,0,0.998463940630486,0.996944441045773
3.548,1,1,0.9919496662474,0.991671744349675
1.541,0,1,0.916246755209769,0.918458761307427
3.664,1,1,0.991982004725874,0.991996438429939
3.545,1,0,0.635790372536085,0.641213358387235
3.31806666666667,1,1,0.844830386922729,0.849488849150032
5.558,1,1,0.966860593980783,0.969695297107137
6.98913333333333,1,1,0.998531930742632,0.998650112669405
1.181,1,1,0.843253267483331,0.831306997489842
4.896,1,1,0.973707490261877,0.973085886557573
4.93,0,0,0.7435807457914,0.758637535821594
8.0848,1,1,0.99999935469271,0.999998646520174
2.52,1,1,0.994308208821393,0.994062320013586
4.928,1,1,0.998453029605328,0.998525079942625
4.51893333333333,1,1,0.995427103594106,0.995339874368822
6.59,1,1,0.999999384559952,0.999998151992041
2.559,1,1,0.872217920289798,0.859088534388797
5.113,1,1,0.981928047820903,0.982230581498268
2.125,1,1,0.871710895199718,0.866560630503248
3.00006666666667,1,1,0.94452275271067,0.946975384877719
2.919,1,1,0.740349449449169,0.734849123347633
1.5,0,0,0.643108323474826,0.630179086932243
1.44,1,1,0.587548410010008,0.579292063260919
3.454,1,1,0.991850179822949,0.992019405762501
2.28006666666667,1,1,0.931878208894682,0.929637848609745
2.37873333333333,0,0,0.356708394521614,0.356513053795002
13.82,1,1,0.998989527593751,0.998946887306951
3.125,1,0,0.658965805640332,0.666101503425778
4,1,1,0.768037312586769,0.779155813972304
7.951,1,1,0.996577546412709,0.996203938115581
1.2,1,0,0.499216511451555,0.488772861491072
2.3,0,0,0.234841919696472,0.235825140537979
2.3,0,0,0.261168383656705,0.261682040670057
2.166,1,1,0.594278370947895,0.588804691957006
1,0,1,0.362697664110008,0.348275813947733
2.05,1,1,0.999892343073158,0.999895685348134
2.17553333333333,1,1,0.64973807223137,0.637457921289797
2.363,0,0,0.224878750023845,0.226079095052861
5.086,1,1,0.719167796712574,0.736262490794018
11,1,1,0.9999997716316,0.999999776225333
3.333,1,1,0.989792758517815,0.989880222723664
3.278,1,1,0.999999999201513,0.99999999896462
3.871,0,0,0.439168672070361,0.455948781693613
2.686,1,0,0.821218770967649,0.808396235758956
7.538,1,1,0.996033844288253,0.996230276464446
2.61,1,0,0.97715104398791,0.978427025264893
4.133,1,1,0.611318332208768,0.62353296792174
1.42,1,1,0.878577311681508,0.872226018549275
3.871,0,0,0.438922751830313,0.455706021435004
7.369,1,1,0.929135044298295,0.941745416559928
1.204,1,1,0.777061986926671,0.768097672367843
1.594,0,0,0.368360885265375,0.362115408092412
4.913,1,1,0.999226091633857,0.999227949980569
3.15,1,1,0.807405315872386,0.79591908619279
4.41326666666667,1,1,0.985446254448995,0.986230721276351
2.695,1,1,0.932354165428611,0.930373756490729
5.875,1,1,0.999199761675753,0.99931412929921
3.857,1,1,0.650013391209527,0.66036991449521
9.2,1,1,0.998692419035462,0.99903055152647
2.766,0,0,0.737657667038145,0.730307367974113
6.652,1,1,0.997310272374959,0.99761954290912
3.676,1,1,0.997254965064102,0.99716468119984
4.047,1,0,0.663321772630938,0.671131028785483
4.947,1,1,0.998140265571649,0.997610426710371
3.816,1,1,0.872561659185201,0.869901831893974
2.438,1,1,0.938335630668691,0.938303909959947
3.1434,1,1,0.922829258437628,0.922426749044865
1.961,1,1,0.798720011959846,0.797771103481599
5.174,1,1,0.999430607290114,0.999354037170362
2.307,1,1,0.746306276148574,0.756431594650513
1.916,1,1,0.781294437007166,0.782856558677644
1.827,1,1,0.982729428201445,0.982128629004722
5.40886666666667,1,1,0.999255870417179,0.999083371884837
3.925,0,0,0.312411607960268,0.315658707758703
3.446,1,1,0.978633541863437,0.979494943488028
1.55893333333333,0,0,0.3342274686282,0.327922507432287
6.152,1,1,0.999790916006626,0.999726919421157
2.692,0,0,0.450834352849192,0.451297615516524
7.527,1,1,0.931731684636696,0.935509197226754
3.979,1,1,0.998693417513227,0.998785218139279
4.337,1,1,0.770309536334869,0.758121541722768
3.488,1,1,0.99987967427594,0.999882307329031
7.512,1,1,0.838180024310022,0.845443476891554
4.181,1,1,0.999681515575584,0.999666276299309
7.138,1,1,0.896905225511761,0.901059154550678
6.611,1,1,0.682043054223944,0.71532293566286
5.1278,1,1,0.999731672915577,0.999728902155562
4.411,1,1,0.999653230570894,0.999562285240692
1,0,0,0.211722055071241,0.203846817612224
5.6178,1,1,0.999969608358728,0.999964413022772
1.661,0,0,0.469490308082838,0.459873176617097
3.502,1,1,0.930799572428062,0.928401488867163
3.571,1,1,0.999979026776421,0.999977748230916
3.697,1,1,0.997928546736447,0.997757052203883
3.305,1,1,0.99773399018104,0.997151696569922
2.263,1,1,0.678949958035157,0.668422075542477
8.55,1,1,0.999998649561157,0.999997171636038
11.463,1,1,0.999998629690998,0.999998057813919
1.779,1,1,0.639264758618595,0.631438725923082
2.021,1,1,0.980896349009964,0.980044397564782
3.219,1,1,0.99703414449889,0.996631920604081
9.64,1,1,0.999910064583769,0.999906669908266
4.041,1,1,0.986431249445242,0.986220661703458
2.922,1,1,0.999890914363531,0.999866356056193
3.214,1,1,0.990412480989827,0.989955012536669
337.25,1,1,0.999999896095139,1
337.25,1,1,0.999999893139495,1
8.55,1,1,0.999998649561157,0.999997171636038
5.872,1,1,0.999999150891731,0.999998125118313
1.94,1,1,0.814558272698298,0.80929774399599
1.65913333333333,0,0,0.166902560980154,0.16555154017947
3.964,1,1,0.995957808527554,0.995189198637859
2.779,0,0,0.417168218094129,0.422405404359686
2.82,1,1,0.725286810584882,0.723397435511976
8.445,1,1,0.999999265253518,0.999998363531628
5.85,1,1,0.999045567144597,0.999016693164826
2,1,1,0.838040299963514,0.833127768065115
2.03,1,1,0.826434368380733,0.822624388411364
10.533,1,1,0.738674508720305,0.798058667822916
1.796,1,1,0.98020554156477,0.980198757018368
4.071,1,1,0.920877872270034,0.92063866512051
2.632,1,1,0.999999911628235,0.999999899913022
2.373,1,1,0.927236920150455,0.926474475826937
8.323,1,1,0.999998020993507,0.999995807758759
1.98,1,1,0.801989243888536,0.801164968316306
9.652,1,1,1,1
2.232,1,1,0.963361435726205,0.960970286469086
7.55,1,1,0.999999371721207,0.999998644409707
3.46213333333333,1,1,0.938222344550127,0.938410595482422
3.758,1,1,0.875498332455533,0.872449388992302
8.0848,1,1,0.999999371721207,0.999998681713941
6.601,1,1,0.999999948221686,0.999999923384
8.476,0,0,0.993165483910226,0.993992272542423
9.705,1,1,0.999975386256674,0.999978446490599
6.029,1,1,0.999181680874943,0.999137677406448
2.7,1,1,0.985566325091997,0.984475296105858
5.241,1,1,0.999349778892613,0.999355310564593
1.688,1,1,0.961346313469855,0.959554799017931
24.375,0,0,0.834408642563584,0.932943224394232
105.8,1,1,0.999999292163373,0.999999993258266
7.439,1,1,0.999999856394653,0.999999670694138
4.466,0,0,0.0564177352390516,0.0638183047077784
5.708,1,1,0.999293372771756,0.999260332076042
3.2838,1,1,0.978801702784337,0.977512613061798
2.058,0,0,0.383087677483805,0.381158021576891
1.867,0,1,0.730251202486645,0.728792928854237
3.707,1,1,0.999019996541398,0.998931697764229
1.58,1,1,0.999573803175682,0.999551257236655
2.666,1,1,0.480522597570008,0.480414660546561
1.559,1,0,0.530277134041157,0.523244715351173
3.337,1,1,0.999839382037172,0.999823527776705
1.666,1,1,0.66090365022796,0.647709993558544
1.5892,0,0,0.211881498916346,0.209047278900941
49.866,1,1,0.999985354757189,0.999996054568933
18.9193333333333,1,1,0.999977120587637,0.999969258218178
3.446,1,1,0.928564028406361,0.925868544275949
3.00006666666667,1,1,0.939865838101743,0.942531748392424
2.42413333333333,0,0,0.605714479696614,0.601705842503027
2.358,0,1,0.416889680851975,0.408277274796876
1.428,1,1,0.950783217229689,0.951643181356518
3.545,1,1,0.747715163495462,0.756013740341868
2.847,1,1,0.997951976836116,0.997598416205596
3.21826666666667,1,0,0.660305140228961,0.66026560031559
1.494,1,1,0.933167644883987,0.930802771943435
2.555,1,1,0.997339125353023,0.997223769304524
2.586,1,1,0.965714369777077,0.962629710351011
6.186,1,1,0.998823394509829,0.998806817056168
2.9,1,1,0.599672132826658,0.601376118510692
4.924,1,1,0.751042435343237,0.75711801095513
4.49686666666667,0,1,0.896616277004504,0.904653065841563
295,1,1,0.999999635825607,0.999999999999358
3.168,1,0,0.246293488774641,0.255912794645926
2.588,1,0,0.23935051706578,0.242927395872737
5.403,1,1,0.99920892043304,0.999162972265368
4.184,1,1,0.993710896681854,0.99367110671672
10.692,1,1,0.993347401827841,0.995224564894085
2.673,1,1,0.897702042508844,0.899177974752359
1.676,0,0,0.903213914272268,0.896539106820164
2.315,1,1,0.408569362743279,0.413488522358775
4.022,1,1,0.812221229026582,0.803962311207802
3.184,1,1,0.835983043377164,0.834949700889087
2.934,1,1,0.987271122485137,0.985819725957647
2.511,1,1,0.996753961624185,0.99658510259053
2.34,0,1,0.753882467424035,0.745239062379074
4.281,1,1,0.995327331241418,0.99535139957438
9.266,1,1,0.999133375968261,0.998851462591029
69.727,1,1,0.999989751156262,0.99999889890725
64.416,1,1,0.999992982045066,0.999998992940765
6.294,1,1,0.999983616221196,0.999982600295021
18.4,1,1,0.999824628660044,0.999843025154955
2.271,1,1,0.672082038479845,0.662494310663457
2.884,0,0,0.211352999480728,0.216626661681382
4.906,1,1,0.752163023888302,0.758026255800914
6.77,1,1,0.999316252517122,0.999350349200241
6.14693333333333,1,1,0.999997118081393,0.999996181901999
8.55,1,1,0.999998649561157,0.999997171636038
2.50126666666667,1,1,0.920035655639504,0.921285078246204
3.111,1,1,0.999980313679563,0.9999795558273
2.9,1,1,0.538178699666578,0.540958129046644
6.45966666666667,1,1,0.997358152800525,0.997687954755116
19.482,1,1,1,1
2.466,1,1,0.891928807428509,0.888176450714195
3.5,1,1,0.949995759892072,0.943181421745673
2.638,1,1,0.996570846221702,0.996454206770535
2.813,0,0,0.0389619187937656,0.0405160490338178
3.166,1,1,0.994396305358386,0.994213628678719
2.10513333333333,1,1,0.768863717194525,0.764600960795062
4.157,1,1,0.998240885699232,0.997874106615706
2.31606666666667,1,1,0.826958838682265,0.825120586776128
1.515,1,1,0.940902159008976,0.93844806779363
11.714,1,1,0.999614974505087,0.999662263125033
29.125,1,1,0.999994485703458,0.999997648685384
2.78466666666667,1,1,0.996543714761493,0.996633136125106
3.32273333333333,1,1,0.999656123443636,0.999619474275016
6.833,1,1,0.999496323117057,0.999517749275558
1.375,0,0,0.249483842751665,0.242917570820539
3.341,1,1,0.997817861582761,0.99727517788752
2.2532,1,1,0.923329636722042,0.923839841768496
1.738,1,1,0.922119826343031,0.920682811722456
6.723,1,1,0.999997684022663,0.999996093838325
1.752,1,1,0.923295823634994,0.921943271640761
2.2532,1,1,0.923295823634994,0.923804584408704
2.103,1,1,0.856910438173903,0.846410027222726
3,1,1,0.502991849379144,0.508257052259356
5,0,0,0.369818414533374,0.403408780079319
4.07,1,1,0.883536094211709,0.886824543290298
3.77446666666667,1,1,0.883536094211709,0.885267609181852
1.763,1,1,0.99733720775768,0.99726625544917
1.421,0,0,0.265712611690627,0.260548354888716
3.333,1,1,0.99995007284117,0.999948685079777
1.85746666666667,1,1,0.808877971269051,0.802809983177441
7.478,1,1,0.99999999999951,0.99999999999931
7.478,1,1,0.99999999999951,0.99999999999931
2.349,1,1,0.773368014448064,0.769820679301434
2.12293333333333,0,0,0.50665464526169,0.488065788238989
6.166,1,1,0.891524266665732,0.9055184003337
4.869,1,1,0.992992846389757,0.992518484861698
4.75,0,0,0.981073956324774,0.98030473709213
1.372,1,0,0.555650739133834,0.55471851705829
2.857,1,1,0.97284723063096,0.972258785320224
8.55,1,1,0.999998649561157,0.999997171636038
1.377,1,0,0.552537406650826,0.551658436442175
8.411,0,0,0.562510743734941,0.618280229565044
5.769,1,1,0.998554558719019,0.998532592086608
7,1,1,1,1
1.373,0,0,0.536184633869878,0.534588112073584
5.173,1,1,0.98203422683856,0.982517591734474
2.755,1,1,0.99901542293013,0.999017138223354
2.755,1,1,0.99901542293013,0.999017138223354
1.607,0,0,0.115925431102562,0.118265788730356
5.132,1,1,0.998229471038392,0.998229203188472
13.166,0,1,0.737264364757444,0.834804108212704
1.392,1,0,0.555121075530115,0.554426509940332
4.875,1,1,0.999942503847306,0.99993477972424
4.652,1,0,0.595212721196771,0.617082553725879
2.47,1,1,0.99999983007917,0.999999782893275
3.37693333333333,1,1,0.982029877644946,0.980245097972224
4.02,1,1,0.982029877644946,0.980884489973342
2.20013333333333,1,1,0.97493303807948,0.973798615745884
3.029,1,1,0.990771298840606,0.991232510794368
3.50026666666667,1,1,0.9023182554306,0.905832815480777
4.941,1,1,0.934870207194026,0.935580875567186
8.781,1,1,0.930944998156374,0.946851365550058
2.413,1,1,0.999512546925389,0.999518680587698
2.11713333333333,0,0,0.412005983037714,0.405624596609769
6,0,0,0.774597798357773,0.810096324496572
3.062,1,1,0.999951662691786,0.99994961381281
2.878,1,1,0.932514845778857,0.930067888870811
14.283,1,1,0.999999042685221,0.999998424325774
2.923,1,0,0.492740641502757,0.495150786800175
5.3,1,1,1,1
3.52766666666667,1,1,0.84627953613796,0.850111132838688
3.115,1,1,0.94845941635414,0.949003518562068
2.5,1,1,0.830204905014776,0.818695943646039
3.897,1,1,0.988871959413859,0.98934148321325
2.99393333333333,1,1,0.945280610926992,0.944601113105507
2.11,0,0,0.84425652545521,0.843898162504525
4.904,1,1,0.993560043699467,0.991150000431871
2.484,1,1,0.910230502076288,0.910538322643129
6.652,1,1,0.997400740784577,0.997698027370012
3.857,1,1,0.660006012341617,0.670036777060364
2.777,1,1,0.988757681569918,0.988076922224792
3.79973333333333,1,1,0.999525373770997,0.999452776449768
16.418,1,1,0.995791596373362,0.996706016083032
3.78826666666667,1,1,0.86366887060881,0.865535840246765
5.87733333333333,1,1,0.99963053145367,0.999414761279561
3.613,1,1,0.999225088655892,0.999211155673178
1.99106666666667,1,1,0.997950197968107,0.997677954439045
3.9682,1,1,0.999998021585816,0.999995954741725
7.121,1,1,0.968883303530933,0.972414288124205
8.777,1,1,0.96618043479671,0.973532085720788
5.632,1,1,0.998900869309244,0.998837049692844
4.98986666666667,1,1,0.99998396006809,0.999976582989257
2.2,1,1,0.857342070697933,0.852456559807312
1.666,1,1,0.631815300433509,0.618740731911079
4.35433333333333,1,1,0.992710180288096,0.992754068310513
2.329,1,1,0.942173553218366,0.938369765518102
2.228,1,1,0.987892539846339,0.987451503424282
2.825,0,0,0.823175173779325,0.816726005854848
2.315,1,1,0.988787421365892,0.987933099616847
2.444,1,1,0.999996244670916,0.99999543738732
3.417,1,1,0.999600974238536,0.999557863578891
3.702,1,1,0.906415388228755,0.907294459909631
2.125,1,1,0.873934085353809,0.868807627577057
1,1,1,0.563245430457881,0.548116983596737
5.037,1,1,0.967090248181336,0.972331591601515
2.455,1,1,0.99947141689056,0.999443432689743
3.904,0,0,0.63276972132596,0.65873046106702
8.0848,1,1,0.999999366562092,0.999998670873067
5.75,1,1,0.802845952114963,0.821582876994995
5.648,1,1,0.999971720340676,0.99996795797375
3.702,1,1,0.992234326558199,0.992260586155706
3.318,1,1,0.96087888508144,0.959397777167642
1.711,1,1,0.986211293612663,0.986233116915069
6.686,1,1,0.999781190853044,0.999761235736535
3.60993333333333,1,1,0.814429797456598,0.818396066337351
2.614,1,1,0.745592331168653,0.719643116213363
3,1,1,0.995803120570958,0.995529120401964
4.1282,1,1,0.99974571726843,0.99977037199029
9.785,0,0,0.499825473637575,0.580758362736777
3.533,1,1,0.999063997245173,0.998837563350682
2.666,1,1,0.986187626470932,0.98637864917604
2.6414,1,1,0.983071795278759,0.979889152556415
4.45,1,1,0.991265618573187,0.991470552163571
3.42413333333333,1,1,0.922740728031402,0.922135079321438
4.215,1,1,0.991598705642724,0.991641730490755
3.25066666666667,1,1,0.886154016679165,0.887603172523037
2.85773333333333,0,0,0.364578126025467,0.35749075246116
1.477,1,1,0.720378133267785,0.713217796101925
3.343,1,1,0.822796941258421,0.82261196648003
2.934,1,1,0.94058151961785,0.938792731708483
6.027,1,1,0.99948374502738,0.999489351106626
5.228,1,1,0.999476482575763,0.999480339404211
2,1,1,0.958929000781656,0.956990680953522
6.529,1,1,0.999919190151527,0.999894579428332
3.272,0,0,0.193924081251835,0.1998968661497
3.521,1,1,0.901307868987658,0.895863169253241
2.638,1,1,0.996557934296091,0.996440267447293
5.019,0,0,0.556856547593315,0.586635867328507
1.545,0,0,0.164410085515886,0.162092311358745
4.125,0,0,0.447024577842206,0.467245046342409
6.266,0,1,0.737872190192726,0.764197533156422
20,1,1,0.996178296556022,0.997904719268726
3.3168,1,1,0.947120381179492,0.950696961039169
3.5,1,1,0.358762431989647,0.380255310188337
1.263,0,0,0.292439972221702,0.283896901554998
4.049,1,1,0.88354700076512,0.886728521267681
3.937,0,0,0.173137265440034,0.184138315234701
3.015,1,1,0.98930914904114,0.989572271156005
7.666,1,1,0.990762649031275,0.992528406976375
2.62993333333333,1,1,0.594286606048444,0.59173918396567
6.091,1,0,0.446762108265305,0.467128330491996
4.159,1,1,0.974213197601946,0.970184337679808
3.8,1,1,0.927200646087475,0.932698299745015
4.37493333333333,1,1,0.998831026642397,0.998722084609153
3.015,1,1,0.98930914904114,0.989572271156005
2.2188,1,0,0.335350020021599,0.330617816725001
4.333,0,0,0.35817180805696,0.37418651641796
1.4,1,1,0.998672160668186,0.998685515574974
13.017,1,1,0.999912859912594,0.999924492402121
3.575,1,1,0.978544377315205,0.975646892566492
2.322,1,1,0.861728172715157,0.863775900981815
3.305,1,1,0.997713753440515,0.997126977379016
2.721,1,1,0.972594303136385,0.971466195191408
2.06346666666667,1,1,0.985519540620981,0.983774949170086
2.591,1,1,0.807741708853907,0.795191103097598
5.49926666666667,1,1,0.999747820053025,0.999707860712902
4.319,1,1,0.998221247264979,0.998092423706085
3.02646666666667,1,1,0.778316688120352,0.771439302771016
3.697,1,1,0.997913007503345,0.997740685144892
1.194,1,1,0.960037151232684,0.955602528613702
3.697,1,1,0.997913527327758,0.997741236615109
3.591,1,1,0.970269262139108,0.970644406583807
9.1,1,1,0.980669125303158,0.985296508802064
1.558,0,0,0.270830008612361,0.268834173809987
9.1,1,1,0.980669125303158,0.985296508802064
2.955,1,1,0.981513104342374,0.980302701905003
1.209,1,1,0.999764429523224,0.99975231122149
4.493,1,1,0.997036035148071,0.997440006687181
2.211,0,0,0.00897980941394332,0.00906486688000697
2.106,0,0,0.843649053600092,0.843247959989624
5.759,1,1,0.997348975731775,0.997337280418561
2.09566666666667,0,0,0.0571765494855658,0.0560052907821553
3.12693333333333,1,1,0.979895240448193,0.978207972262129
2.257,1,1,0.981007084934821,0.98082289376059
1.861,1,1,0.823320779389626,0.810238321687043
2.60933333333333,1,1,0.98309962116003,0.982947280883575
7.092,1,1,0.941958569655536,0.949765431250755
6.15413333333333,1,1,0.99903065863989,0.999083211792813
3.23,0,0,0.0319631105344285,0.0330063101474684
4.163,1,1,0.983648858271336,0.982843802837767
13.235,1,1,0.999397339452534,0.999456352810199
3.554,1,1,0.995044148441825,0.995027560907666
1.99773333333333,1,1,0.512224888786622,0.511115326746707
2.417,0,0,0.120599164621581,0.118545664951349
5.944,1,1,0.998978641667821,0.999008589460579
6.641,1,1,0.998947370848907,0.999156292876963
2.31173333333333,1,1,0.985795451563316,0.983401076875373
8.192,1,1,0.998489295927572,0.998025850809746
4.0204,1,1,0.994925684769116,0.995047103777554
2.269,0,0,0.230596962910239,0.224184744589023
2.3632,0,0,0.208542876155495,0.201985534303179
3.4072,1,1,0.944317745991204,0.944154356143521
2.3,1,1,0.99552170718891,0.995182099937547
2.802,0,0,0.208601579318239,0.205763950954402
2.666,0,0,0.354368056390735,0.356213673165135
6.588,1,1,0.988216862097088,0.989568169210809
1.083,1,1,0.726316090061156,0.723683845144681
2.74106666666667,1,1,0.994073853246401,0.993942418440073
4,1,1,0.976032564244219,0.975259002086185
6.482,1,1,0.999308417709987,0.999292150319558
2.875,1,1,0.632869115680175,0.63383023606971
3.199,1,1,0.994582806289739,0.994419520693092
2.9856,1,1,0.976670341108417,0.977611042124185
11.312,1,1,0.997065722900356,0.997496359227539
1.461,1,1,0.863662531345812,0.863384319511043
2.512,1,1,0.988484431086412,0.988985799076857
3.18253333333333,1,0,0.411019710242049,0.422861509811297
4.906,0,0,0.185833299595605,0.195036042414061
31.388,1,1,0.999726342578334,0.999877366950431
3.211,1,1,0.975840873608467,0.973796218390783
3.94286666666667,0,0,0.955969803169435,0.952665575658188
6.544,1,1,0.999999733915197,0.999999319890004
4.50613333333333,1,1,0.946423015671968,0.947164783747715
8.445,1,1,0.999999261540037,0.999998355409625
1.94,1,1,0.825053602016495,0.81994346839923
3.621,1,1,0.998025610684153,0.997997706887804
7.99566666666667,1,1,0.99999864273591,0.999997074185248
3,1,1,0.999988446160881,0.99998760247955
3.761,1,1,0.675282724420748,0.683787529307414
2.516,1,1,0.936111255460671,0.932985351854284
2.74526666666667,1,1,0.963361435726205,0.961962438579358
2.6,0,0,0.561023349405098,0.553249494787593
4.50646666666667,1,1,0.995715326147017,0.993523015237611
1,0,0,2.22044604925031e-16,2.22044604925031e-16
1.625,0,0,2.71706797861084e-06,2.69260639583804e-06
4.411,0,0,0.192223932004802,0.207682485017281
2.5,0,0,2.22044604925031e-16,2.22044604925031e-16
1,0,0,0.161204326378331,0.155682796248753
2.324,0,0,0.00138174627482447,0.00152891109383041
1.90106666666667,0,0,0.120766695374072,0.121955228419063
2.215,0,0,2.33524592564791e-05,2.19452672867868e-05
1.932,0,0,6.49020566955172e-06,5.85633452567077e-06
1.909,0,0,0.0446780747323756,0.044858524485715
1,0,0,0.211123662729265,0.203273221175368
1.689,0,0,0.000242078161339116,0.000252642397078041
1.538,0,0,0.521033659285245,0.525995287826779
2.4958,0,0,0.0421844928802468,0.0468527214289569
3.125,0,0,2.90613762462738e-13,3.94448446758986e-13
1.952,0,0,6.34656073412661e-05,6.78816668856793e-05
2.06786666666667,0,0,0.0110691596774577,0.0106883984379024
1.837,0,0,1.86951637410702e-05,1.89513386232188e-05
1,0,0,2.22044604925031e-16,2.22044604925031e-16
2.195,0,0,0.0691907508674609,0.0662917790477552
2.838,0,0,0.236373855806058,0.241794255328753
2.214,0,0,0.00276346670000821,0.00300692659628388
4.771,0,0,6.15113588389678e-06,6.49150927101852e-06
1.212,0,0,0.0234763160528579,0.0228584693653898
1.97366666666667,0,0,0.000643349138959056,0.000651562266570829
1.65913333333333,0,0,0.164657136366228,0.163211802681794
1.416,0,0,0.000760558084857369,0.000783551692150718
1.958,0,0,0.072988821791794,0.071752503313425
1.687,0,0,0.112302444826629,0.111762966518094
2.721,0,0,0.00800552833762001,0.0082275159765319
2.2556,0,0,3.04244748899236e-08,3.49614566127934e-08
1,1,1,0.4952236857039,0.49959019847928
4,0,0,7.80463477097302e-05,9.15252588090554e-05
1.5,0,0,0.172121095877596,0.168898802087368
2.534,0,0,0.000138300956802192,0.000158248507381851
1.89,0,0,1.54807449184237e-05,1.57555979232754e-05
1.611,0,0,1.29523115647943e-05,1.40805560538805e-05
1.945,0,0,0.613526958497034,0.608155905449984
2.533,0,0,0.245327586797551,0.239494928630697
7.588,1,1,0.866729644772405,0.883607697733963
1.641,0,0,0.180512417406965,0.179551707754607
2.025,0,0,0.000113975702936584,0.000146841404965435
1,0,0,2.17979077074423e-06,1.89486009174649e-06
2.165,0,0,0.0340641122228962,0.0357616818499073
1.644,0,0,0.0064217380872453,0.00656717519257802
1.353,0,0,0.0168266070609633,0.016231943454148
2.473,0,0,0.000324022267495402,0.000332844265545931
2.266,0,0,6.68085268709115e-12,8.62052699642183e-12
3.1,0,0,2.22044604925031e-16,2.22044604925031e-16
1,0,0,2.22044604925031e-16,2.22044604925031e-16
1.5,0,0,0.0271448327421438,0.0267639917031513
3.875,0,0,1.10981280947645e-06,1.04803029736807e-06
1.55513333333333,0,0,2.22044604925031e-16,2.22044604925031e-16
2.142,0,0,0.230105414482716,0.225746256846811
1.23,0,0,0.0192171435738257,0.0197185317637644
2.562,0,0,0.522035055510925,0.516722402272379
1.2,0,0,0.0032601503178768,0.00333610429150154
1.466,0,0,9.45971341048237e-08,8.80470290322836e-08
3.016,0,0,0.00513133940864748,0.00513544727752839
1.755,0,0,9.78938748079104e-09,8.89982554558338e-09
1.99746666666667,0,0,0.00316904929606964,0.00311487204425262
1.6,0,0,0.166571361988513,0.164453457791113
2,0,0,0.000108031181499852,0.000108734411583219
4,0,0,9.92738898899383e-08,1.03316630862734e-07
2.225,0,0,8.3732860614857e-07,7.52945623493256e-07
3.10066666666667,1,1,0.86691082879007,0.843751830612123
251,1,1,0.99306612724459,0.99999975243263
3.338,0,0,0.267003281562829,0.234447671482809
2.119,0,0,0.0137785261185584,0.0136911093798814
1.25,0,0,0.00409960661706884,0.00411868333655975
1.673,0,0,0.327090776320348,0.326936631205746
1.43233333333333,0,0,0.303361773218362,0.299481060613859
2.84813333333333,0,0,0.0938471859735502,0.0939407018294238
3.28,0,0,0.000104664302050772,0.000106694836963043
2.61873333333333,0,0,8.25802318454452e-06,8.10764883282716e-06
2.695,0,0,0.000663758707669004,0.000657112244048999
1.75406666666667,0,0,0.201386270372099,0.200234277503195
2.1,0,0,2.22044604925031e-16,2.22044604925031e-16
2.51053333333333,1,0,0.148933631907789,0.151842125199297
1,0,0,2.22044604925031e-16,2.22044604925031e-16
2.61,0,0,0.000335403828506015,0.00034048714018076
2.54073333333333,0,0,1.09164162613128e-06,1.02454240338552e-06
1.625,0,0,0.248349718825621,0.243373191570777
2.88706666666667,1,0,0.432354114357714,0.426638767961925
1.75,0,0,2.22044604925031e-16,2.22044604925031e-16
1.733,0,0,0.16390812498984,0.161903806373868
1.465,0,0,0.581798886569435,0.576785835883889
1.411,0,0,0.125616218413803,0.126817919523098
1.461,1,1,0.18693361836624,0.187409235287691
2.70893333333333,0,0,1.12675736013917e-10,1.04151018246672e-10
1,1,1,0.771545691574451,0.782011152453956
2.53546666666667,0,0,1.46329648746883e-05,1.51051545251199e-05
2.01906666666667,0,0,0.00269276324949054,0.00289228815586383
1.65353333333333,0,0,0.00133267798322512,0.00137968814031715
3.039,0,0,8.26240977171368e-07,7.76459635342947e-07
3.714,0,0,2.22044604925031e-16,2.22044604925031e-16
4.333,0,0,2.22044604925031e-16,2.22044604925031e-16
4.39426666666667,0,0,0.316867344997704,0.334076845998701
3.704,0,0,0.0539437479291998,0.056115346193184
3.15353333333333,0,0,0.462234433664109,0.373114389862164
3.153,0,0,0.00226577333325141,0.00215264751196337
2.941,0,0,3.57462221299177e-05,3.99497276729303e-05
1.309,0,0,0.129718322424466,0.125740936110574
2.891,0,0,0.103664764874295,0.105776226774675
4.03,0,0,3.07163708691486e-05,2.99644527147999e-05
1.607,0,0,0.412330003390705,0.412649061698339
1.545,0,0,1.35794154232406e-05,1.35939990664935e-05
4.413,0,0,0.114114315819679,0.122480794323878
5.515,0,0,5.81196624262909e-07,7.45436076488502e-07
1.666,0,0,0.165051617735459,0.163671792062081
2.526,0,0,6.61418306948076e-11,5.63453297933453e-11
2.318,0,0,0.000152378903700228,0.000153539669415664
2.658,0,0,0.00951511151146163,0.00969207041576703
1.268,0,0,0.000214118335286448,0.000223429540269399
1.394,0,0,0.0186854628690381,0.0195236775263959
1.48,0,0,0.0272843680743823,0.0267071684886439
3.36786666666667,1,0,0.0723178236572588,0.0610110230384272
1.807,0,0,0.000795582443978384,0.000794194252373994
2.7948,0,0,1.44045703374245e-08,1.33073535808309e-08
2.05626666666667,0,0,1.36437528205202e-05,1.40024607675051e-05
1.947,0,0,0.00661720780772055,0.0067712100232043
1.664,0,0,0.01657468756254,0.0166233037001328
2.776,0,0,0.00810679571299332,0.00739690703160721
2.171,0,0,0.266264023102427,0.274707580423387
2.05126666666667,0,0,0.048869970847189,0.0502734674604387
1.65913333333333,0,0,0.168838160210249,0.166905564428615
1.666,0,0,5.5042429817567e-08,4.87889360070979e-08
1.333,0,0,7.74946148764607e-11,7.71620277952758e-11
3.973,0,0,1.28069021803232e-07,1.2375351750292e-07
1.2222,0,0,2.22044604925031e-16,2.22044604925031e-16
1.285,0,0,2.22044604925031e-16,2.22044604925031e-16
2.688,0,0,2.07588977968279e-13,1.83867465195596e-13
3.153,0,0,1.22983897852778e-10,1.1339861924986e-10
2.421,0,0,2.22044604925031e-16,2.22044604925031e-16
2.142,0,0,2.22044604925031e-16,2.22044604925031e-16
2.2,0,0,4.99606578259879e-05,5.32330000552386e-05
2.25,0,0,2.22044604925031e-16,2.22044604925031e-16
2.1948,0,0,0.00240430682951587,0.00252469853530324
3.041,0,0,0.000213273256500128,0.000239731057262868
2.895,0,0,0.506843223980641,0.513741290006842
2.28,0,0,1.97274793998062e-06,1.85469136307343e-06
2.14633333333333,0,0,0.112405478974596,0.114181080119704
2.3098,0,0,0.303800643816658,0.295502425054028
1.99246666666667,0,0,1.17847592403949e-05,1.15654071896963e-05
3.478,0,0,7.70052137955887e-07,7.51164680587783e-07
1.842,0,0,0.0331791552607493,0.0330111157867497
2.217,0,0,0.0153692750462452,0.0162934460305815
3.333,0,0,2.22044604925031e-16,2.22044604925031e-16
2.95,0,0,1.17489266886806e-10,1.04908463910172e-10
1,0,0,0.161398137024086,0.155880459204111
1.5,0,0,2.22044604925031e-16,2.22044604925031e-16
3.552,0,0,1.34572328511976e-09,1.30868608088111e-09
5.888,0,0,0.510209149189179,0.530348256323297
1.482,0,0,0.0402386796753789,0.0393264645462157
1.8846,0,0,0.201781365344839,0.200985679909284
2.03813333333333,0,0,2.37799680714111e-07,2.15463477195063e-07
1.3,0,1,0.654074116238957,0.639316254821823
2.35,0,0,0.000927064049128114,0.000938749327174516
1.136,0,0,0.0050902818560286,0.0050994552802053
3.066,0,0,2.22044604925031e-16,2.22044604925031e-16
1.8312,0,0,0.00268169572898308,0.00277369388586645
2.595,0,0,1.31789755826693e-05,2.06807017073998e-05
1.884,1,1,0.983144320319017,0.982050431023043
1.341,0,0,0.0899843042310901,0.0895449443777668
2.414,0,0,0.00859444214763199,0.00891264602782664
2.36,0,0,0.120630038277972,0.120692605560282
3.302,0,0,0.0340915890126463,0.03494474868342
2.829,0,0,0.03952519173922,0.0388011259603945
1.409,0,0,3.55891580962528e-07,3.43265568285676e-07
1.8,0,0,0.0103953202982156,0.010397571313087
1.827,0,0,0.0462972280957208,0.0457853534094638
1.2228,0,0,2.22044604925031e-16,2.22044604925031e-16
2.32973333333333,0,0,4.17655244483744e-12,4.29754135211035e-12
1.5,0,0,0.000120010704388642,0.000130974907048603
1.8,0,0,2.22044604925031e-16,2.22044604925031e-16
1.375,0,0,0.040596170458173,0.040108376963056
2.068,0,0,0.109278757502978,0.110450954531051
1.529,0,0,3.74952088855784e-13,5.08788412750592e-13
2.062,0,0,0.168951181261143,0.164634902443379
1.24,0,0,0.00135987825224414,0.00136842519426692
1.632,0,0,0.000202762414009527,0.00021359151113479
1.6,0,0,0.0178768134051323,0.0177569520474108
2.07573333333333,0,0,0.000828876429164637,0.000904129517742613
2.032,0,0,0.000374924223905521,0.000379619137442037
2.454,0,0,0.001194893655783,0.0012013664183891
2.31,0,0,0.00036997778908607,0.000360045299197236
1.969,1,1,0.0220456743209983,0.0212970732360742
2.9,0,0,0.000467349887080861,0.000478362770226594
1.3,0,0,0.209298520293684,0.20279347163836
2,0,0,0.0072094662452385,0.00695348633774706
2.41206666666667,0,0,3.65224065895479e-11,3.79197807513029e-11
1.63213333333333,0,0,1.6422116841305e-05,1.72263025013512e-05
2.236,0,0,1.57302008548032e-09,1.33419167532716e-09
2.277,0,0,0.00014614593697123,0.000166459979154538
4.666,0,0,4.78228753127637e-11,4.71737275352427e-11
4.242,0,0,2.10345003730041e-11,2.15309532063029e-11
4.393,0,0,8.06574611786072e-05,8.06292046110114e-05
2.125,0,0,4.72109091538175e-07,5.35665633459616e-07
2,0,0,0.164657136366228,0.165655421901419
3.574,0,0,0.0530039975354133,0.05064030645116
1.41,0,0,0.00139409417865443,0.00167269385319234
1.5,0,0,0.0529376821929333,0.0522304747461176
4.533,0,0,0.0100259009885356,0.0110922458417331
1.285,0,0,2.22044604925031e-16,2.22044604925031e-16
1.285,0,0,2.95543382079556e-08,2.7912830454102e-08
5.857,0,0,2.78829512758148e-10,4.07990896274177e-10
2.297,0,0,8.95338120556233e-07,8.99931080104878e-07
1,0,0,0.111200145307313,0.107688673976372
1.428,0,0,2.22044604925031e-16,2.22044604925031e-16
1.625,0,0,0.248349718825621,0.243373191570777
1.6,0,0,0.0123041045208773,0.0123718231454011
1.894,0,0,0.0422115222864726,0.0413185212141601
1.613,0,0,6.86440944525168e-05,6.46496698288836e-05
1,0,1,0.80726280977524,0.792904334349126
1.287,0,0,4.52736994348632e-06,4.67498768190794e-06
2.325,0,0,2.22044604925031e-16,2.22044604925031e-16
2.147,0,0,0.0325042275062257,0.0327956798309131
2.9258,1,1,0.788703441158952,0.788584441465647
3.657,0,0,6.42013962525832e-07,5.95203988692958e-07
1.8284,0,0,1.30350942763417e-13,1.16810801415641e-13
2.47213333333333,0,0,0.00229397257779723,0.00212118431256418
1.79,0,0,0.623898057925088,0.629292124664762
1.88,0,0,0.1912237059413,0.188502317176029
2.085,0,0,0.0141218262031055,0.0136820562304942
3.74,0,0,0.00548640669959999,0.00575644550464716
1,0,0,0.0016251888626123,0.00150410623891357
2,0,0,2.22044604925031e-16,2.22044604925031e-16
2.396,0,0,0.011189543742987,0.0117868624245604
1.533,0,0,0.0180479374444359,0.0187788340066879
1,0,0,0.000442458593838558,0.000473863677354522
2.617,0,0,0.078019071016429,0.0791462906078818
1,0,0,2.22044604925031e-16,2.22044604925031e-16
1,0,0,2.22044604925031e-16,2.22044604925031e-16
3.083,0,0,2.22044604925031e-16,2.22044604925031e-16
4.36,0,0,0.142504391887233,0.148235405021522
2.016,0,0,0.0230986158010482,0.0230233898811977
2.04366666666667,0,0,0.0704087398120777,0.0700829415250874
1.45,0,0,0.00446923956716389,0.00481608008541433
4.586,0,0,0.144140397271303,0.151208795273588
1.476,1,0,0.272097715618616,0.272090246873154
1,0,0,2.22044604925031e-16,2.22044604925031e-16
1,0,0,2.22044604925031e-16,2.22044604925031e-16
2.50293333333333,0,0,2.22044604925031e-16,2.22044604925031e-16
1.769,0,0,1.51422435406849e-05,1.44820893218536e-05
2,0,0,0.869637374729782,0.878520802017692
1.95846666666667,0,0,0.000102041926782966,0.000119973209240645
2,0,0,0.155042759951951,0.15565013947357
2.892,1,1,0.868712449480912,0.858311256002762
2.145,0,0,0.000456516737466111,0.000491347623778849
1.90473333333333,0,0,2.22044604925031e-16,2.22044604925031e-16
1.84,0,0,0.000322680322761051,0.000317461183111152
1,0,0,0.591453005673448,0.5899589685836
1.903,0,0,0.00194714723343883,0.00193728427259853
3.333,0,0,2.22044604925031e-16,2.22044604925031e-16
2.705,0,0,2.88007686490702e-06,3.13347226111148e-06
3.425,0,0,6.71352509620628e-06,6.17280287862786e-06
1.83,0,0,0.0218244641547785,0.0223287279639711
1.679,0,0,2.22044604925031e-16,2.22044604925031e-16
1.955,0,0,2.73902154070584e-08,2.79625815588901e-08
1.535,0,0,0.00687647125627118,0.00707227020901629
1.344,0,0,0.185185442751917,0.180491343045502
3.461,0,0,0.0637028590336488,0.0636491710468165
3.30873333333333,0,0,0.0389799361905197,0.0401015331585726
2.345,0,0,6.03975979705506e-05,6.49155421337597e-05
3.25,0,0,2.22044604925031e-16,2.22044604925031e-16
1.904,1,0,0.100506220709149,0.100155099741892
1.352,0,0,0.00517215441413599,0.00522300163995766
1.428,0,0,0.137731900006701,0.135688288285664
2.80573333333333,0,0,0.0224584295352356,0.0225394062488133
1.813,0,0,0.0603290120911391,0.06015824623606
3.222,0,0,4.8249449373443e-08,5.94231279796345e-08
1.181,0,0,0.640603366763963,0.627764263927881
1.727,1,1,0.697277044788717,0.701046225222538
1.923,0,0,0.276762250634251,0.280767072706584
2.0756,0,0,0.177775415114541,0.179421701953152
1.233,0,0,0.00851250325786391,0.0089811639212768
1.6,1,1,0.740635835848755,0.733011980300598
3.25,0,0,0.00434870810653485,0.0043625913377917
1.294,0,0,9.42492325893369e-06,8.44375836529242e-06
1.375,0,0,2.41810289762679e-06,2.14957742313004e-06
1.902,0,0,7.75533969668186e-10,6.58912466694724e-10
1.348,1,1,0.581211236726973,0.577260212616311
1.53933333333333,0,0,0.0335098825497095,0.0334113459377667
1,0,0,0.0335098825497095,0.0325143644264109
2,0,0,0.0873142786566745,0.0837068637025129
4.341,0,0,0.00775657801806033,0.00929837189192909
1.545,0,0,3.71083547466113e-12,4.08144716826025e-12
1.166,0,0,0.00212843348932884,0.00211177120816755
2.2492,0,0,0.000389124972083572,0.000417187994252011
1.483,0,0,1.32035712270803e-07,2.28106691229206e-07
4.208,0,0,0.000156206923091577,0.00017281017493643
1.792,0,0,4.72494232669745e-08,4.15495197911168e-08
1.851,0,0,2.22044604925031e-16,2.22044604925031e-16
1.34,0,0,0.237641591377651,0.229225130248317
1.65913333333333,0,0,0.166703994432546,0.165015875402219
1.607,0,0,0.157921931087963,0.153391433972798
1.655,0,0,0.152972373807917,0.151119051632836
1,1,1,7.6866586529165e-06,7.10340815356781e-06
2.941,0,0,0.111855679809037,0.115919301167348
1,0,0,0.0110361585240348,0.0107713678040445
2.571,0,0,0.602550450836056,0.599609912291665
1.555,0,0,0.190184149880899,0.187267124910953
2.1428,0,0,0.15719500659583,0.156257297169775
5.888,0,0,0.510209149189179,0.530348256323297
1.464,0,0,0.154309206863491,0.149064244733159
2.275,0,0,0.170181041602304,0.170629571395994
4.382,0,0,0.00708472597457228,0.00739340568465798
1.87,0,0,0.00125851413944495,0.00117738066958162
1.58473333333333,0,0,0.00655506489586221,0.00667577709386321
2.333,0,0,2.22044604925031e-16,2.22044604925031e-16
2.224,0,0,0.00953248212366175,0.0100295381653549
1.646,0,0,3.85036712497694e-08,3.75568518491137e-08
2.17693333333333,0,0,1.14397264667482e-06,1.21472669428125e-06
18,0,0,0.0460432972070295,0.0588364938052796
2.161,1,1,0.637556607876578,0.623820779473095
1.291,0,0,1.11718872297877e-11,8.47281602938042e-12
2.35026666666667,0,0,0.000398862007065493,0.000404455733643024
1.403,0,0,0.0452234321931134,0.0453997646327698
1.269,0,0,7.18728677245056e-05,6.93254041815629e-05
1.428,0,0,0.000162770631520678,0.000175140087593188
1.9638,0,0,2.22044604925031e-16,2.22044604925031e-16
2.95,0,0,0.1278596266766,0.128907360328691
1.468,0,0,2.22044604925031e-16,2.22044604925031e-16
1.487,0,0,0.148273812668777,0.147931628624805
1.718,0,0,6.19208770351828e-08,6.30438111425351e-08
2.222,0,0,0.259644118077988,0.259691689328493
1.764,0,0,8.14490041471098e-11,9.10065527822078e-11
1,0,0,2.22044604925031e-16,2.22044604925031e-16
1,0,0,2.22044604925031e-16,2.22044604925031e-16
1,0,0,2.22044604925031e-16,2.22044604925031e-16
2.468,0,0,5.58306162659386e-05,5.78030736630487e-05
1.681,0,0,1.07106606257337e-05,1.17135343257027e-05
1.535,0,0,4.38386984806342e-13,3.41351198238843e-13
1.97953333333333,0,0,0.00654345952417759,0.00700423478041277
2.238,0,0,9.46673069993628e-10,7.80987467109493e-10
2.313,0,0,0.00203165050733287,0.00212872327682025
1.619,0,0,0.00508292398385306,0.00466933450130691
2.272,0,0,0.000563244325750178,0.000535328163449598
1.732,0,0,0.130847873365462,0.128089642646183
1,0,0,0.266697781511065,0.256315770846374
1.45,0,0,8.977289542243e-09,9.16872673856363e-09
2.556,0,0,0.0108313860086539,0.011379364581141
2.6458,0,0,2.22044604925031e-16,2.22044604925031e-16
1.7308,0,0,0.23439591015535,0.227172678074436
1,0,0,2.22044604925031e-16,2.22044604925031e-16
4.434,0,0,0.0876234762462874,0.0880962411921125
2,0,0,0.795587406988082,0.806192319733943
1.69006666666667,0,0,2.22044604925031e-16,2.22044604925031e-16
1.843,0,0,2.22044604925031e-16,2.22044604925031e-16
3.151,0,0,0.327743963419168,0.327932125087901
3,0,0,3.84517211367809e-09,3.47265924945943e-09
20,0,1,0.981820935812496,0.991734333591039
2.533,0,0,6.67338357192272e-10,6.1010102880211e-10
1.647,0,0,0.177568401927037,0.175364087620727
1.91726666666667,0,0,2.39897828972792e-07,2.06890665881187e-07
1.352,0,0,1.73131468348793e-06,1.90098207867383e-06
2.607,0,0,1.4862963198671e-06,1.54762052563992e-06
2.64026666666667,0,0,8.4010097738733e-13,1.02106840242513e-12
3.05826666666667,0,0,2.22044604925031e-16,2.22044604925031e-16
3.076,0,0,2.22044604925031e-16,2.22044604925031e-16
1.222,0,0,2.22044604925031e-16,2.22044604925031e-16
1.55066666666667,0,0,0.00162549730142252,0.00168114455554936
1.871,0,0,0.0174552682094125,0.018176421417984
3.071,0,0,1.11653268192045e-06,1.24412728911053e-06
1.535,0,0,2.22044604925031e-16,2.22044604925031e-16
1.347,0,0,0.0113710551826237,0.011358375150751
1.357,0,0,0.0604275851464697,0.0700243505374603
2,0,0,0.175333867149014,0.175948333391625
1.111,0,0,2.22044604925031e-16,2.22044604925031e-16
1.692,0,0,0.104874098430621,0.105125309570925
2.79633333333333,0,0,2.38915706436026e-12,3.12359485993023e-12
2.356,0,0,0.00388822384733629,0.00410624459713009
2,1,1,0.000237094122125343,0.000233613535258241
1.956,0,0,3.6541168304663e-08,3.19235147560335e-08
2.17673333333333,0,0,0.189491926850332,0.189817506788831
1.333,0,0,0.288997808330792,0.279308298511383
3.7,0,0,2.22044604925031e-16,2.22044604925031e-16
1.4,0,0,9.42029728947942e-12,1.10415542375682e-11
1.73,0,0,0.00135154080998504,0.00174596274228014
1.388,0,0,0.339621470166092,0.338736171139783
1.068,0,0,7.30507030157043e-12,7.08984632846948e-12
1.651,0,0,4.0922411766199e-07,4.32764690983602e-07
4.25,0,0,0.00101503676136281,0.00103677330625088
2.208,0,0,3.23883925021598e-07,3.09130220446728e-07
1.666,0,0,0.176955675355544,0.175002831219248
1.86933333333333,0,0,0.0475313849639423,0.0476386887564112
1.818,0,0,9.98770030252325e-05,9.48329646416273e-05
2.282,0,0,0.00129848717909618,0.00127422607477793
1.867,0,0,1.16815457266246e-09,9.3623773503085e-10
1.8,0,0,0.0223347048284373,0.0223276326870225
2.33786666666667,0,0,6.29936673423773e-09,5.44675530283245e-09
1.8,0,0,0.0223347048284373,0.0223276326870225
1.735,0,0,8.61617837174619e-08,7.27214626813062e-08
1.682,0,0,1.06206317462848e-05,9.49734755475058e-06
1.312,0,0,2.5112895962992e-08,2.12959227286329e-08
1.8,0,0,0.0223347048284373,0.0223276326870225
1.8,0,0,0.0223347048284373,0.0223276326870225
1.65913333333333,0,0,0.168235887635821,0.166279544604157
3.333,0,0,2.22044604925031e-16,2.22044604925031e-16
1.48,0,0,0.0272843680743823,0.0267071684886439
2.988,0,0,0.153329133813485,0.149547912403114
1.8,0,0,0.0223347048284373,0.0223276326870225
1.8,0,0,0.0223347048284373,0.0223276326870225
1.8,0,0,0.0223347048284373,0.0223276326870225
1.8,0,0,0.0223347048284373,0.0223276326870225
10.036,0,0,0.44539650650486,0.445985892882296
1,0,0,2.22044604925031e-16,2.22044604925031e-16
5.264,0,0,2.76738973256712e-07,2.9606522437963e-07
2.529,0,0,6.09039573919018e-10,4.75610513216148e-10
1.491,0,0,0.000619829841015564,0.000647105782393896
3.333,0,0,2.22044604925031e-16,2.22044604925031e-16
1.67693333333333,0,0,2.22044604925031e-16,2.22044604925031e-16
3,0,0,1.29103999494819e-07,1.58030810311627e-07
2.059,0,0,0.0303327212423209,0.0300616509348722
1.076,0,0,0.00965499077584516,0.0092755043886732
6.666,0,0,0.186483023721638,0.223824360064626
2.577,0,0,5.7935972164082e-08,5.99649686279454e-08
1.812,0,0,0.0013946223172122,0.00141868442908981
1.8142,0,0,3.2385590794779e-11,4.29795765820646e-11
2.642,0,0,0.00140100893803006,0.00137048981683461
4.808,0,0,2.22044604925031e-16,2.22044604925031e-16
2.32186666666667,0,0,0.117769036511815,0.108692990126556
2.142,0,0,1.17358949653171e-12,9.44659835928422e-13
2.333,0,0,0.00714488302285236,0.00726135012396421
1.074,0,0,5.17154124919822e-06,4.66019522044635e-06
3.918,0,0,0.963334844681338,0.956215956625249
1.472,1,1,0.0184999661611081,0.01719575569343
3.298,0,0,0.065199088730556,0.067172354115675
2.777,0,0,0.0327663742823946,0.0328307767354402
1.864,0,0,0.150846548956702,0.149264467341107
1.481,0,0,0.0658984864628194,0.0632550961088026
1.231,0,0,0.00770317678458782,0.00774020513544082
3.083,0,0,2.17516472202263e-09,1.87782382961088e-09
1.269,1,1,0.000693734494742621,0.000694214089897733
1.695,0,0,1.64971965027231e-05,1.60452862480367e-05
1.541,0,0,2.22044604925031e-16,2.22044604925031e-16
5.888,0,0,0.510209149189179,0.530348256323297
2.902,0,0,0.00478358234947648,0.00479643138884868
2,0,0,2.22044604925031e-16,2.22044604925031e-16
2.236,0,0,2.08770440350554e-05,1.80094037034228e-05
1.911,0,0,0.38910811833636,0.381958703374971
3.333,0,0,0.173445948157623,0.183404205408688
1,0,0,0.00444878466616959,0.00322197243809756
1.714,0,0,0.0025564005115758,0.00258276211657821
4.484,0,0,0.00026491756424498,0.000268331646119664
1.663,0,0,0.391634183066872,0.391039315952933
2.197,0,0,2.22044604925031e-16,2.22044604925031e-16
2.982,0,0,0.00010227214952362,0.000110862119705866
2.6216,0,0,0.0478667457329084,0.0498168689706514
17.952,0,0,0.0460276794484253,0.0586767437592557
1.912,0,0,0.0101897711360326,0.0104493137236347
1.768,0,0,0.0296930087192538,0.0304238356693861
1.85,0,0,2.22044604925031e-16,2.22044604925031e-16
4.7,0,0,0.904646081991681,0.870574104648557
2.158,0,0,4.28870398060048e-08,3.92177037990447e-08
1.588,0,0,0.0708945800413901,0.0710138325195625
2.972,0,0,0.0604397061960595,0.0603497383803185
1,0,0,0.176757533103293,0.170173521198855
3.189,0,0,0.0252229890617012,0.0262905164393136
2.984,0,0,0.145240044444605,0.146035533651489
2.151,0,0,0.000626084430239181,0.00066908530078783
2.375,0,0,0.330975171660238,0.338230579965697
1.475,0,0,0.908037138315043,0.865495838310295
1.931,1,0,0.590472267013652,0.585739026877503
1.806,1,1,0.894703337081853,0.890660483793029
1.2,0,0,4.66178682454651e-05,4.32474321107353e-05
2.24,0,0,1.77057067730284e-06,1.66978130850684e-06
2.666,0,0,3.51981639314061e-12,3.39239558349199e-12
2.156,0,0,0.0760196882009028,0.0791398807110461
1.541,0,0,3.66844318703601e-10,3.19199709794561e-10
3.205,0,0,0.00229908808719005,0.00232850335996478
2.277,0,0,0.0591196216072995,0.0570835331379843
1.5,0,0,4.29284993717818e-08,3.66044853901148e-08
6.145,0,0,0.00113519732377129,0.00116644499412994
2.09,0,0,0.172625388416268,0.173368329920524
1.428,0,0,2.22044604925031e-16,2.22044604925031e-16
1.5,1,1,0.647813184580215,0.646736765985199
1.875,0,0,0.00823829679561924,0.00811269298031755
1.944,0,0,0.128728806090451,0.129548429891733
1,0,0,0.000883538721292959,0.000906243741808992
1,0,0,4.07748225921062e-12,3.54690935805581e-12
2.583,0,0,1.41334933045138e-05,1.32557132589326e-05
1.52893333333333,0,0,2.22044604925031e-16,2.22044604925031e-16
1,0,0,2.22044604925031e-16,2.22044604925031e-16
2.829,0,0,0.0437097140742704,0.044747941703008
3.196,0,0,0.0451962863820352,0.0469140975450727
1.52,0,0,0.217613533956442,0.21212843902462
2.9,0,0,0.0228061855326366,0.0230395224269953
2.6484,0,0,2.22044604925031e-16,2.22044604925031e-16
1.823,0,0,0.394968726573844,0.387255878904261
2.5,0,0,0.0203057327956168,0.0294160957146176
1.333,0,0,0.181415247965904,0.17686812647647
1.851,0,0,8.75774203315094e-07,8.88975692179106e-07
1.166,0,0,0.163216648931171,0.15857156030763
1.88066666666667,0,0,0.0522772752137693,0.0522343667153443
1.166,0,0,0.163216648931171,0.15857156030763
1,0,0,1.15498375047859e-07,1.38038022198311e-07
1.611,0,0,0.00375240398482965,0.00380784950053779
2.178,0,0,0.163115794443187,0.161449575885631
1.25,0,0,0.000213992034252056,0.000227822770045173
1.769,0,0,1.01387922366796e-11,8.51141343164779e-12
2.84593333333333,1,0,0.241043537843596,0.243632491638895
1.68166666666667,1,0,0.199740577721409,0.197435775360203
2.426,0,0,0.0255865413566143,0.0235837813732185
1,0,0,2.22044604925031e-16,2.22044604925031e-16
4.11,0,0,0.0360798994989569,0.0371691898520264
2.125,0,0,0.487407753840113,0.469763700838856
2.8,0,0,0.336050141491057,0.342780245898993
1.523,1,1,0.654600180604613,0.653018833082488
2.203,0,0,2.22044604925031e-16,2.22044604925031e-16
2.341,0,0,0.00735952178560037,0.00779731512250741
1,0,1,0.000491786060791299,0.00043372086957449
1.56973333333333,0,0,7.29269290280416e-10,6.25181632118305e-10
1.973,0,0,2.5359020744094e-13,2.56175746340394e-13
2.88526666666667,0,0,4.57592091102559e-13,4.0742922142443e-13
1.758,0,0,1.07004639895147e-09,9.61299192187716e-10
4.296,0,0,0.0662778521209709,0.0663132251601637
3.294,0,1,0.000242951941922456,0.000253401186170006
1.629,0,0,0.280275038037843,0.272487317984136
1.06666666666667,0,0,2.22044604925031e-16,2.22044604925031e-16
2.481,0,0,0.0257573451082692,0.0238086791735112
3.041,0,0,5.55562401074567e-09,5.08701837002214e-09
2.20493333333333,0,0,1.95587686619145e-05,2.6988507821419e-05
1.793,0,0,0.094461095959157,0.0958284745054105
1.9,0,0,0.004143316348377,0.00435517451728433
3.322,0,0,0.000258921857012917,0.000280225952742225
1.77453333333333,0,0,0.0923158143707509,0.0925682639485577
1.592,0,0,6.9463665572124e-07,6.88825644211596e-07
2.524,0,0,0.000112925677670228,0.000114783435579784
1,0,0,2.22044604925031e-16,2.22044604925031e-16
2.6744,0,0,0.000166668532372587,0.000184455078993872
1.37,0,0,0.232038278568341,0.228222745216884
1.877,0,0,0.306195528734784,0.301919264452755
1.488,0,0,0.000271670044307226,0.000242607440988645
3.333,0,0,2.22044604925031e-16,2.22044604925031e-16
4.476,0,0,8.86387601115832e-06,9.22530526943779e-06
1.722,0,0,1.84131994248873e-07,1.49902540857962e-07
4.309,0,0,0.000284252643277747,0.000307556318619258
1.614,0,0,0.0625406255019765,0.0630127584727136
2.91826666666667,0,0,0.516096626790764,0.504494724650784
3.2,0,0,0.440457319092946,0.449524980339134
2.034,0,0,1.2503450691358e-08,1.43573899741542e-08
4.054,0,0,2.22044604925031e-16,2.22044604925031e-16
1,0,0,0.0188851121956852,0.0180463972308707
1.333,0,0,2.69116000097163e-09,2.75344170126104e-09
1.468,0,0,0.000806568272635892,0.000819978453212207
2.148,0,0,0.0410085285435094,0.0432300072913007
2.176,0,0,0.0194755950236775,0.018414013883391
1,0,0,2.22044604925031e-16,2.22044604925031e-16
1,0,0,2.22044604925031e-16,2.22044604925031e-16
3.04993333333333,0,0,2.22044604925031e-16,2.22044604925031e-16
1,0,0,2.22044604925031e-16,2.22044604925031e-16
1.06666666666667,0,0,2.22044604925031e-16,2.22044604925031e-16
1,0,0,2.22044604925031e-16,2.22044604925031e-16
1.06666666666667,0,0,2.22044604925031e-16,2.22044604925031e-16
1.06666666666667,0,0,2.22044604925031e-16,2.22044604925031e-16
1,0,0,2.22044604925031e-16,2.22044604925031e-16
1.27553333333333,0,0,2.22044604925031e-16,2.22044604925031e-16
1.06666666666667,0,0,2.22044604925031e-16,2.22044604925031e-16
1,0,0,2.22044604925031e-16,2.22044604925031e-16
1,0,0,2.22044604925031e-16,2.22044604925031e-16
1,0,0,2.22044604925031e-16,2.22044604925031e-16
1,0,0,2.22044604925031e-16,2.22044604925031e-16
1,0,0,0.161333512576654,0.155814548826888
1.6,0,0,0.166571361988513,0.164453457791113
1,0,0,2.22044604925031e-16,2.22044604925031e-16
3.333,0,0,2.22044604925031e-16,2.22044604925031e-16
1.06666666666667,0,0,2.22044604925031e-16,2.22044604925031e-16
1,0,0,0.161333512576654,0.155814548826888
2,0,0,0.166438813992034,0.16720186829433
1.636,0,0,0.0137460586813305,0.0140797948546037
2.508,0,0,0.0534730278192504,0.0539748498283208
2,0,0,1.3985984591766e-07,2.87088069068295e-07
2.953,0,0,0.000299435492709462,0.000303635311918332
2.06053333333333,0,0,5.99766984689096e-06,6.2672016777511e-06
2.128,0,0,0.0189844179386269,0.0209814339342837
1.857,0,0,0.0132587175021384,0.0140178403643011
1,0,0,1.9518236643573e-11,1.5249677676759e-11
1.84446666666667,0,0,5.42150011627949e-08,4.84924272550878e-08
5.15,0,0,0.309779367506933,0.31516126626232
1.547,0,0,2.22044604925031e-16,2.22044604925031e-16
2.135,0,0,0.00208002697510641,0.00214166217764451
3.184,0,0,0.61502837986265,0.600739759611973
1.523,0,0,0.073625477700908,0.0710517354458562
1.176,0,0,0.140357096332602,0.138230878738072
2.7868,0,0,2.22044604925031e-16,2.22044604925031e-16
2.23753333333333,0,0,0.0390722900983718,0.0395487433593984
5.41053333333333,0,0,4.29768162496106e-11,4.25601988167192e-11
1.629,0,0,1.92956503816322e-06,2.91677207450633e-06
5.593,0,0,9.12027510773002e-09,9.98105018805788e-09
2.531,0,0,0.000413265575128894,0.000403360983562514
4.325,0,0,0.00781139755023781,0.00848227049343835
2.166,0,0,1.32698355374753e-08,1.20997369907762e-08
2.1922,0,0,0.00890988588964073,0.00910543748079449
1.307,0,0,8.61655681939764e-09,7.39663409439252e-09
1.74353333333333,0,0,0.415896118443733,0.399444172184259
2.47026666666667,0,0,5.9229756645757e-06,5.3477230669445e-06
3.888,0,0,0.357232506361879,0.367194217149739
1,1,1,0.872643146323513,0.865468668755011
1.51,0,0,0.0212541525529734,0.0203651000505718
2.138,0,0,2.22044604925031e-16,2.22044604925031e-16
1.222,0,0,0.000568095320762476,0.000539771446325662
1.647,0,0,2.22044604925031e-16,2.22044604925031e-16
2.161,0,0,0.0166016851818672,0.017200171810273
2.018,0,0,2.85960660071747e-06,2.91315265862962e-06
2.232,0,0,0.000310001445700133,0.000303111273967896
1.4,0,0,0.277203422919448,0.296313226251076
2.117,0,0,5.805343337459e-09,4.94469107842386e-09
1.565,0,0,0.000205977664948609,0.000193626142342413
5.3,0,0,3.5578346730196e-05,6.62835710604506e-05
3.183,0,0,0.0558942916649523,0.0546454069201103
2.188,0,0,0.0159246181056684,0.0161248543210607
1.883,1,1,2.3074625086404e-07,2.20476894083991e-07
2.529,0,0,0.00480466177285062,0.00506776020673612
1.93466666666667,0,0,0.256523893247148,0.258280221832238
2.8338,1,1,0.0199434492577384,0.018526769192298
2.111,0,0,0.0421849941599577,0.040670322602975
4.04513333333333,0,0,8.38583545460751e-08,7.77821462619564e-08
3,0,0,0.168102282262901,0.176060914948116
1.96193333333333,0,0,0.0916850334658184,0.090581696395891
5.888,0,0,0.510209149189179,0.530348256323297
2.419,0,0,0.00241117512704693,0.00253477051182221
1,0,0,2.22044604925031e-16,2.22044604925031e-16
2.386,0,0,0.0474935341619782,0.0484154764141714
1.428,0,0,0.187959582055539,0.183859200737907
2.7,0,0,3.20782937342471e-11,2.73170771217628e-11
3.211,0,0,0.0310715259108218,0.0322094859293086
3.2772,0,0,0.0351410347681784,0.036144540222979
3.233,0,0,0.0089573590650169,0.00890278625496031
1.976,0,0,0.0199375238321293,0.0198395286564106
2.42,0,0,3.83383848051124e-05,3.66746338623394e-05
1.4,0,0,0.000946087687795403,0.000883083258209239
1.77473333333333,0,0,1.8471141050753e-06,1.66943578936128e-06
1.5,0,0,0.156945809038489,0.154142281342636
1,1,1,1.56085011668346e-11,1.24483223087878e-11
1.444,0,0,0.0499908121504394,0.0480711362797226
1,0,0,0.280847539802888,0.271532496151182
3.38073333333333,0,0,3.81702798141077e-05,3.586341607918e-05
2.4,0,0,0.000144158282972602,0.000137147458870894
2.08273333333333,0,0,0.0099910623509513,0.0103798237866805
1.666,0,0,1.71744003113333e-05,1.53278977057676e-05
1.677,0,0,0.0268027098164605,0.0277911589218217
2,0,0,1.20964912320583e-06,1.33227242718557e-06
1.062,1,0,1.03838467327015e-05,9.05824812021497e-06
4.379,0,0,0.00156178301851133,0.00154670977875808
2.10733333333333,0,0,0.116911894963661,0.117184232063848
1.222,0,0,2.22044604925031e-16,2.22044604925031e-16
1.2,0,0,0.387622643450108,0.383146188426211
1.601,0,0,0.00143248242925377,0.00154309914839387
2.44,0,0,6.99419480844697e-05,7.13877852522489e-05
1.99213333333333,0,0,1.41232271991386e-05,1.44318740669517e-05
2.26553333333333,0,0,0.0116789275598879,0.0121362500212481
2,0,0,2.22044604925031e-16,2.22044604925031e-16
2.875,0,0,3.01899747725889e-08,2.72474869945765e-08
1.2,0,0,2.22044604925031e-16,1.10416457810928e-13
1.8,0,0,0.00288333315421106,0.00293335896850509
2.98233333333333,0,0,5.92306365220076e-08,5.98571161781208e-08
2.288,0,0,0.0204830608845197,0.0209618294515102
1.411,0,0,0.413027860532551,0.405794310271544
3.333,0,0,2.22044604925031e-16,2.22044604925031e-16
1.25,0,0,2.22044604925031e-16,2.22044604925031e-16
2.333,0,0,9.52397203388352e-08,8.98256047253518e-08
1.878,0,0,0.00438381487084003,0.00453771381393691
3.25,0,0,0.424225238837828,0.433937256630076
1.813,0,0,1.02545799409127e-11,8.16021647117633e-12
2.77413333333333,0,0,2.79309632877925e-06,3.21150439101637e-06
1,0,0,2.22044604925031e-16,2.22044604925031e-16
3.1,0,0,2.22044604925031e-16,2.22044604925031e-16
2.19026666666667,0,0,0.0289090843768484,0.0294235100456849
1.285,0,0,2.22044604925031e-16,2.22044604925031e-16
1.526,0,0,0.15516251451835,0.150814839175934
1.125,0,0,0.0478948780663162,0.0464688668426752
2.344,0,0,0.0884481645324315,0.0890543172386264
1.192,0,0,2.22044604925031e-16,2.22044604925031e-16
1.684,0,0,2.22044604925031e-16,2.22044604925031e-16
1.206,0,0,6.18294716117579e-07,6.03001160290153e-07
1.6694,0,0,0.0642030893040097,0.0639685513230604
4.437,1,1,0.943793618625596,0.949160969510293
1,0,0,4.67992742989328e-05,4.87247883355018e-05
1.592,0,0,0.26072292210401,0.252358036876127
1.129,0,0,0.245357389356222,0.238995120890954
1,0,0,0.000164237556939547,0.000168176393914721
1.5,0,0,0.0437418225335268,0.0433227087462176
1.428,0,0,0.103266821377091,0.103311276918635
1.4,0,0,3.36837352241104e-05,3.66779666264218e-05
2.77746666666667,0,1,0.0287099241954138,0.0357803229269722
2.7218,0,0,0.000690075463950793,0.000707866439743718
1.454,0,0,5.22056851724568e-05,5.10564808531152e-05
1,0,0,2.23420263420964e-06,2.38264740372984e-06
1.114,0,0,0.306135267939581,0.296112814292465
1.238,0,0,0.109434441358387,0.10654608447338
2.2384,0,0,0.0166649582297912,0.0173515868137974
1.59,0,0,0.209307166062994,0.202861773486586
1.786,0,0,7.59323022809347e-07,8.50942936295699e-07
2.413,0,0,0.000151841137617981,0.000161113830573177
1.1,0,0,8.04657179118908e-05,8.37336462010534e-05
9.125,0,0,0.0114412820374427,0.015411541278913
1.225,0,0,0.0630055725669372,0.061282544910477
2.10246666666667,0,0,0.00758309785811193,0.00803899205795698
1,0,0,0.000977267162249394,0.000984819191121314
1.333,0,0,0.00685745077112253,0.0068709768196031
1.363,0,0,0.110384219101732,0.108279820168505
1.637,0,0,0.00362909601393544,0.00377570963700778
1.454,0,0,0.182019261718835,0.178252547713977
1.65386666666667,0,0,0.0700803972205693,0.0698469813376381
2.6,0,0,0.00263021021560759,0.00269959933015633
1.88186666666667,0,0,0.209012278271592,0.1987039012514
1.632,0,0,0.189960640255864,0.180447731954344
2.527,0,0,0.105172079657213,0.105175094921681
3.304,0,0,0.0585619686339767,0.0597922424753125
3.391,0,0,0.0843747623051438,0.0859382641347803
2.20266666666667,0,0,0.115271970988688,0.1095083622883
3.333,0,0,0.139914909931192,0.139680690387974
1.698,0,0,0.313431392344141,0.298166616587021
2.18046666666667,0,0,0.181868859024949,0.173217642727987
1.7312,0,0,0.259382749350073,0.244531504295199
1.857,1,1,0.467030547774518,0.457538301735472
1.444,0,0,0.201935070149796,0.19806950941399
2.33766666666667,0,0,0.547135227139594,0.554545099671389
1.414,0,0,0.0233474570883537,0.0226351821421656
5.2,1,1,0.590415861083817,0.603008990657243
5.8,0,0,0.360638392900601,0.379538267676679
1.119,0,0,0.26527257729797,0.256094490711208
1.64733333333333,0,0,0.260670818436934,0.257390407719627
1.727,0,0,0.36031086996097,0.360176843848333
1,0,0,0.169770291955166,0.163920510212346
1.12,0,0,0.121997278088141,0.117932277749117
1.666,0,0,0.290077296832227,0.284477795819497
1,0,0,0.256952937725515,0.247041152560366
2.10573333333333,0,0,0.277928868140812,0.277678183589231
1.411,0,0,0.189283051939509,0.183985277841886
1.131,1,1,0.697270711393299,0.686150758035569
1.138,0,1,0.371664386733931,0.358954804015953
1.787,0,0,0.154014347926465,0.151532827078024
1.218,0,0,0.366401113875459,0.361430877624437
1.78606666666667,0,0,0.246430145791943,0.236051343895479
1,0,0,0.0995251922679219,0.094836070027167
2.391,0,0,0.183980813361396,0.18155727205259
2.136,0,0,0.48053809300052,0.471017450834314
7.326,0,0,0.0610348722833742,0.0624430300670221
6.822,0,0,0.0165783323571643,0.0171576406094555
7.531,0,0,0.0785233214052112,0.0799326218355335
1.78406666666667,0,0,0.107081684268774,0.106295116438538
1.636,0,0,0.15308472452093,0.149731106739224
1.307,0,0,0.580099440954109,0.582809575918775
3.1114,0,1,0.869001179146476,0.867492551307857
2.42053333333333,1,1,0.81891449138411,0.81696204045029
1.92333333333333,0,0,0.00863904630532162,0.00838396283616907
3.587,0,0,0.373292147115569,0.373932778907336
2.5,0,0,0.281825110714408,0.279777306573808
7.416,0,0,0.0869308319306664,0.0864601068053101
1,0,0,0.00310877600476853,0.00304206470556937
5.802,0,0,0.134114306844061,0.128025898851012
6.51,0,0,0.0489296688734751,0.047508834186474
1.419,0,0,0.363699235289216,0.353598576920606
1,0,0,0.0282392250420129,0.0281017965055249
1,1,1,0.999809764989874,0.999768253459483
2.39386666666667,0,0,0.805371592275071,0.800475592717131
1.505,0,0,0.141978401727743,0.139733257409405
2.193,0,0,0.534276582746544,0.536338616714229
1.9412,1,0,0.312921375060316,0.316763145187903
1.296,0,0,0.0786056682996033,0.0737480732820571
1.75173333333333,0,0,0.000995563448017232,0.00107285886209954
1,0,0,0.0985898831874958,0.0950985871383985
1,0,0,0.0108385760369009,0.0104378319066316
1.797,0,0,0.321840898034078,0.313067576468281
1,0,0,6.02727432815606e-06,6.41498705234462e-06
1.11,0,0,0.157026129855253,0.151006627970556
1.125,0,0,4.40748266610805e-09,4.97756350874814e-09
2,0,0,0.161138786822089,0.162121878084769
1.518,1,1,0.272485722820956,0.270049225786297
4.5,0,0,0.350098748041134,0.360344777553519
1.88306666666667,0,0,2.22044604925031e-16,2.22044604925031e-16
2.66846666666667,0,0,2.22044604925031e-16,2.22044604925031e-16
2.23,0,0,0.00111550289116065,0.00120773221224115
1,0,0,0.319421311776224,0.306722154059124
1.462,0,0,0.313227591601336,0.306965916947559
1.488,0,0,0.392252442158139,0.383986405059126
2.178,0,0,0.473443528071879,0.433790209185769
1.75,0,0,0.00207652194014645,0.00219333257460385
1.032,0,0,0.0755201861964309,0.0729344070160481
1.576,0,0,0.00125217400301397,0.00129968510967288
1.542,0,0,0.0014136266575968,0.00141341312924059
1,0,1,0.869589752351922,0.857762476323874
1.653,0,0,0.0208185080381167,0.0203067786789006
2.21366666666667,0,0,0.0871696331942005,0.0904357791287699
4,0,0,0.493212730087198,0.492125700387877
3.122,0,0,0.523434792537759,0.509155087810371
2.587,0,0,0.489101814130764,0.474206198139889
2.621,1,0,0.310279296525,0.296099010643071
2.057,1,0,0.017554191333448,0.0161403099577791
1.428,0,0,0.00167457449083085,0.00172122533460615
13.333,0,0,2.22044604925031e-16,2.22044604925031e-16
1,0,0,0.000537453057895482,0.00054851767310168
1.642,0,0,0.000687685073700168,0.00071971195724205
2.352,0,0,6.83079051074282e-05,7.11722319035264e-05
2.241,0,0,2.22044604925031e-16,2.22044604925031e-16
1,0,0,0.254108428948654,0.24393940138251
1,0,1,0.405025786876421,0.389355887666189
2.22053333333333,0,0,0.172001096783438,0.168726143162709
2.076,0,0,0.00216110993705104,0.00215467537635237
3.117,0,0,0.000246664435682991,0.00026636423416266
1.36,0,0,0.216376736466152,0.218568982665923
1.89413333333333,0,0,0.0227611128330528,0.0223725109135622
2.42053333333333,0,0,9.86556107030497e-05,0.000105411801486387
2.769,0,0,0.000220067273351103,0.000235901305081485
2.284,0,0,8.16071040143344e-13,1.05743030529536e-12
1,0,0,0.00373100081563319,0.00370078491922909
2.484,0,0,0.049376573320215,0.0493552790071794
1.555,0,0,0.140327674072056,0.139966528037516
1.117,0,0,0.059784575598286,0.0574092614817018
2,0,0,0.00840439292772132,0.00879174474016071
1.47,0,0,6.05729273400569e-08,6.69168381521089e-08
1.292,0,0,3.77176955957112e-05,3.68822326092175e-05
1.666,0,0,0.000723925654249124,0.000765273300321521
1.9,0,0,0.0130290283315133,0.0129474267984695
1.714,0,0,0.126733309716354,0.126067588413445
1.166,0,0,0.0181509751538486,0.0186673274110911
1.8332,0,0,0.251308864733039,0.251264808602419
1.512,0,0,0.0489624350637283,0.0481338777389085
1.617,0,0,0.0164876500027204,0.0162434532352696
1.136,0,0,2.51228919196379e-08,2.485167304452e-08
1.63473333333333,0,0,9.34352726122203e-09,9.33064747419111e-09
1.489,0,0,0.0815875981628089,0.0808058267963243
1.72,0,0,0.00180783075607744,0.00187695287746422
1.488,0,0,5.43275427371764e-08,5.41675685120362e-08
1.372,0,0,0.0987239985318534,0.0959074699221832
1.266,0,0,0.0593642930399994,0.058763641818454
1.272,0,0,0.0956990184609304,0.0936145208743654
1.111,0,0,0.000233042202470536,0.000244837887176827
1.5568,0,0,0.0292839799827569,0.0298226904075253
2.468,0,0,0.23504911648953,0.233430611660946
1.727,0,0,0.0146035719640916,0.015041155714475
1.404,0,0,0.0354382889295134,0.0354857966133939
1.147,0,0,0.0854337117995301,0.0830008929973507
